"The Land Girls",
"First Love, Last Rites",
"I Married a Strange Person",
"Let's Talk About Sex",
"Slam",
"Mississippi Mermaid",
"Following",
"Foolish",
"Pirates",
"Duel in the Sun",
"Tom Jones",
"Oliver!",
"To Kill A Mockingbird",
"Tora, Tora, Tora",
"Hollywood Shuffle",
"Over the Hill to the Poorhouse",
"Wilson",
"Darling Lili",
"The Ten Commandments",
"12 Angry Men",
"Twelve Monkeys",
"1776",
"1941",
"Chacun sa nuit",
"2001: A Space Odyssey",
"20,000 Leagues Under the Sea",
"24 7: Twenty Four Seven",
"Twin Falls Idaho",
"Three Kingdoms: Resurrection of the Dragon",
"3 Men and a Baby",
"3 Ninjas Kick Back",
"Forty Shades of Blue",
"42nd Street",
"Four Rooms",
"The Four Seasons",
"Four Weddings and a Funeral",
"51 Birch Street",
"55 Days at Peking",
"Nine 1/2 Weeks",
"AstÈrix aux Jeux Olympiques",
"The Abyss",
"Action Jackson",
"Ace Ventura: Pet Detective",
"Ace Ventura: When Nature Calls",
"April Fool's Day",
"Among Giants",
"Annie Get Your Gun",
"Alice in Wonderland",
"The Princess and the Cobbler",
"The Alamo",
"Alexander's Ragtime Band",
"Alive",
"Amen",
"American Graffiti",
"American Ninja 2: The Confrontation",
"The American President",
"Annie Hall",
"Anatomie",
"The Adventures of Huck Finn",
"The Apartment",
"Apocalypse Now",
"Arachnophobia",
"Arn - Tempelriddaren",
"Arnolds Park",
"Sweet Sweetback's Baad Asssss Song",
"And Then Came Love",
"Around the World in 80 Days",
"Barbarella",
"Barry Lyndon",
"Barbarians, The",
"Babe",
"Boynton Beach Club",
"Baby's Day Out",
"Bound by Honor",
"Bon Cop, Bad Cop",
"Back to the Future",
"Back to the Future Part II",
"Back to the Future Part III",
"Butch Cassidy and the Sundance Kid",
"Bad Boys",
"Body Double",
"The Beast from 20,000 Fathoms",
"Beastmaster 2: Through the Portal of Time",
"The Beastmaster",
"Ben-Hur",
"Ben-Hur",
"Benji",
"Before Sunrise",
"Beauty and the Beast",
"The Best Years of Our Lives",
"The Ballad of Gregorio Cortez",
"My Big Fat Independent Movie",
"Battle for the Planet of the Apes",
"Big Things",
"Bogus",
"Beverly Hills Cop",
"Beverly Hills Cop II",
"Beverly Hills Cop III",
"The Black Hole",
"Bathory",
"Big",
"The Big Parade",
"Boyz n the Hood",
"The Book of Mormon Movie, Volume 1: The Journey",
"Return to the Blue Lagoon",
"Bright Lights, Big City",
"The Blue Bird",
"The Blue Butterfly",
"Blade Runner",
"Bloodsport",
"The Blues Brothers",
"Blow Out",
"De battre mon coeur s'est arrÍtÈ",
"The Broadway Melody",
"Boom Town",
"Bound",
"Bang",
"Bananas",
"Bill & Ted's Bogus Journey",
"The Birth of a Nation",
"The Ballad of Cable Hogue",
"The Blood of Heroes",
"The Blood of My Brother: A Story of Death in Iraq",
"Boomerang",
"The Bridge on the River Kwai",
"Born on the Fourth of July",
"Basquiat",
"Black Rain",
"Bottle Rocket",
"Braindead",
"The Bridges of Madison County",
"The Brothers McMullen",
"Dracula",
"Broken Arrow",
"Brainstorm",
"Braveheart",
"Les BronzÈs 3: amis pour la vie",
"Brazil",
"Blazing Saddles",
"The Basket",
"Bathing Beauty",
"Bill & Ted's Excellent Adventure",
"A Bridge Too Far",
"Beetle Juice",
"Batman Returns",
"Batman Forever",
"Batman - The Movie",
"Batman",
"Buffy the Vampire Slayer",
"Bienvenue chez les Ch'tis",
"Beyond the Valley of the Dolls",
"Broken Vessels",
"The Boys from Brazil",
"The Business of Fancy Dancing",
"Caddyshack",
"Cape Fear",
"Clear and Present Danger",
"Carrie",
"Casino Royale",
"Camping Sauvage",
"The Cotton Club",
"Crop Circles: Quest for Truth",
"Close Encounters of the Third Kind",
"The Cable Guy",
"Chocolate: Deep Dark Secrets",
"Child's Play",
"Child's Play 2",
"Chain Reaction",
"Charly",
"Chariots of Fire",
"A Christmas Story",
"Cat on a Hot Tin Roof",
"C.H.U.D.",
"Charge of the Light Brigade, The",
"Crooklyn",
"Festen",
"Cleopatra",
"Cliffhanger",
"The Californians",
"The Client",
"The Calling",
"Clueless",
"The Color Purple",
"Clerks",
"Central do Brasil",
"Clash of the Titans",
"Clockwatchers",
"Commando",
"The Color of Money",
"Cinderella",
"Congo",
"Conan the Barbarian",
"Conan the Destroyer",
"Class of 1984",
"The Clan of the Cave Bear",
"The Case of the Grinning Cat",
"Bacheha-Ye aseman",
"Coming Home",
"Nanjing! Nanjing!",
"Cool Runnings",
"Conquest of the Planet of the Apes",
"Cure",
"Crocodile Dundee",
"Dayereh",
"Karakter",
"Creepshow",
"Creepshow 2",
"The Crying Game",
"Crimson Tide",
"Caravans",
"Crying With Laughter",
"Fengkuang de Shitou",
"Casablanca",
"Casino",
"Casper",
"Can't Stop the Music",
"Catch-22",
"City Hall",
"Cutthroat Island",
"La femme de chambre du Titanic",
"Cat People",
"Courage Under Fire",
"C'era una volta il West",
"The Conversation",
"Cavite",
"Copycat",
"Dark Angel",
"Boot, Das",
"Desperado",
"Dumb & Dumber",
"Diamonds Are Forever",
"The Dark Half",
"The Dark Hours",
"Dante's Peak",
"Daylight",
"Dick Tracy",
"Decoys",
"Dawn of the Dead",
"The Addams Family",
"Death Becomes Her",
"Def-Con 4",
"Dead Poets' Society",
"The Day the Earth Stood Still",
"Deep Throat",
"The Dead Zone",
"Die Hard 2",
"Die Hard: With a Vengeance",
"Dragonheart",
"Die Hard",
"Diner",
"Dil Jo Bhi Kahey...",
"Don Juan DeMarco",
"Tales from the Crypt: Demon Knight",
"Damnation Alley",
"Dead Man Walking",
"Dances with Wolves",
"Dangerous Liaisons",
"Donovan's Reef",
"Due occhi diabolici",
"Double Impact",
"The Doors",
"Day of the Dead",
"Days of Thunder",
"Dracula: Pages from a Virgin's Diary",
"Dolphin",
"Death Race 2000",
"Drei",
"The Dress",
"The Deer Hunter",
"Dragonslayer",
"Driving Miss Daisy",
"Dressed to Kill",
"Do the Right Thing",
"Dune",
"Dolphins and Whales Tribes of the Ocean 3D",
"Down & Out with the Dolls",
"Dream With The Fishes",
"Doctor Zhivago",
"The Evil Dead",
"Evil Dead II",
"Army of Darkness",
"Ed and his Dead Mother",
"Edward Scissorhands",
"Ed Wood",
"The Egyptian",
"Everyone Says I Love You",
"The Elephant Man",
"Emma",
"Star Wars Ep. V: The Empire Strikes Back",
"Escape from New York",
"Escape from L.A.",
"Escape from the Planet of the Apes",
"Eraser",
"Eraserhead",
"Everything You Always Wanted to Know",
"ET: The Extra-Terrestrial",
"Excessive Force",
"Exorcist II: The Heretic",
"Exotica",
"Force 10 from Navarone",
"A Farewell To Arms",
"Fatal Attraction",
"Family Plot",
"Fabled",
"Fetching Cody",
"The French Connection",
"From Dusk Till Dawn",
"Friday the 13th",
"Friday the 13th Part 3",
"Friday the 13th Part IV: The Final Chapter",
"Friday the 13th Part V: A New Beginning",
"Friday the 13th Part VI: Jason Lives",
"Friday the 13th Part VII: The New Blood",
"Friday the 13th Part VIII: Jason Takes Manhattan",
"Jason Goes to Hell: The Final Friday",
"Per qualche dollaro in pi˘",
"Per un pugno di dollari",
"The Fall of the Roman Empire",
"Friday the 13th Part 2",
"Faithful",
"Fair Game",
"A Few Good Men",
"The Fugitive",
"From Here to Eternity",
"First Morning",
"Shooting Fish",
"F.I.S.T",
"Flashdance",
"Fled",
"Flash Gordon",
"The Flintstones",
"Flight of the Intruder",
"Flatliners",
"The Flower of Evil",
"Funny Ha Ha",
"The Funeral",
"Fantasia",
"Fantasia 2000 (IMAX)",
"The Fog",
"Forrest Gump",
"Fortress",
"Fiddler on the Roof",
"The Front Page",
"First Blood",
"Friday",
"Freeze Frame",
"Firefox",
"Fargo",
"First Knight",
"From Russia With Love",
"The Firm",
"Frenzy",
"Footloose",
"Fast Times at Ridgemont High",
"Fighting Tommy Riley",
"The First Wives Club",
"Flirting with Disaster",
"For Your Eyes Only",
"Fiza",
"Grip: A Criminal's Story",
"The Ghost and the Darkness",
"Gallipoli",
"Gabriela",
"Il buono, il brutto, il cattivo",
"Graduation Day",
"The Godfather: Part II",
"The Godfather: Part III",
"Goodfellas",
"The Godfather",
"God's Army",
"The Great Escape",
"Gory Gory Hallelujah",
"Ghost",
"Ghostbusters",
"Girl 6",
"Goldeneye",
"The Glimmer Man",
"Glory",
"The Gambler",
"Good Morning Vietnam",
"Gandhi",
"A Guy Named Joe",
"Gentleman's Agreement",
"Goodbye Bafana",
"Get on the Bus",
"The Golden Child",
"Good Dick",
"Goldfinger",
"Groundhog Day",
"Gremlins",
"Get Real",
"Gremlins 2: The New Batch",
"The Greatest Story Ever Told",
"The Gospel of John",
"The Greatest Show on Earth",
"The First Great Train Robbery",
"Get Shorty",
"Gettysburg",
"Guiana 1838",
"Gone with the Wind",
"Happiness",
"Harley Davidson and the Marlboro Man",
"Heavy Metal",
"Hell's Angels",
"Heartbeeps",
"The Helix...  Loaded",
"Hang 'em High",
"Hellraiser",
"Hero",
"Highlander III: The Sorcerer",
"Highlander",
"How Green Was My Valley",
"High Noon",
"History of the World: Part I",
"Hello, Dolly",
"Halloween II",
"Halloween 3: Season of the Witch",
"Halloween 4: The Return of Michael Myers",
"Halloween 5: The Revenge of Michael Myers",
"Halloween:  The Curse of Michael Myers",
"Halloween",
"Home Alone 2: Lost in New York",
"Home Alone",
"Home Movies",
"Hum to Mohabbt Karega",
"The Hotel New Hampshire",
"Henry V",
"Housefull",
"Hook",
"House Party 2",
"Hocus Pocus",
"The Howling",
"High Plains Drifter",
"Hoop Dreams",
"Happy Gilmore",
"The Hudsucker Proxy",
"A Hard Day's Night",
"Heroes",
"The Hunt for Red October",
"Harper",
"Harriet the Spy",
"Le hussard sur le toit",
"The Hustler",
"Hud",
"Hudson Hawk",
"Heaven's Gate",
"Hav Plenty",
"House of Wax",
"Hawaii",
"Howard the Duck",
"High Anxiety",
"Hybrid",
"It's a Wonderful Life",
"The Ice Pirates",
"Independence Day",
"The Island of Dr. Moreau",
"Iraq for Sale: The War Profiteers",
"In Her Line of Fire",
"The Indian in the Cupboard",
"I Love You Ö Don't Touch Me!",
"Illuminata",
"In Cold Blood",
"In the Company of Men",
"The Inkwell",
"Invaders from Mars",
"L'incomparable mademoiselle C.",
"Intolerance",
"The Island",
"Eye See You",
"In the Heat of the Night",
"Jack",
"Jade",
"Jingle All the Way",
"Dr. No",
"The Jungle Book",
"Judge Dredd",
"The Jerky Boys",
"Jefferson in Paris",
"JFK",
"Journey from the Fall",
"Jekyll and Hyde... Together Again",
"Jumanji",
"The Juror",
"Jerusalema",
"Jurassic Park",
"Johnny Suede",
"Jaws",
"Jaws 2",
"Jaws 4: The Revenge",
"Kabhi Alvida Naa Kehna",
"Kickboxer",
"Kids",
"Kingpin",
"Kindergarten Cop",
"King Kong (1933)",
"King Kong",
"Kiss of Death",
"The Kings of Appletown",
"Koltchak",
"Kingdom of the Spiders",
"Keeping it Real: The Adventures of Greg Walloch",
"Akira",
"Krush Groove",
"Krrish",
"Kansas City",
"The Last Emperor",
"Last Action Hero",
"Live and Let Die",
"Lage Raho Munnabhai",
"The Last Waltz",
"The Last Big Thing",
"The Land Before Time",
"The Longest Day",
"The Living Daylights",
"Aladdin",
"A Low Down Dirty Shame",
"Love and Death on Long Island",
"Ladyhawke",
"Nikita",
"Lion of the Desert",
"Legal Eagles",
"Legend",
"The Last House on the Left",
"Lifeforce",
"Lady in White",
"The Long Kiss Goodnight",
"Lake of Fire",
"Elling",
"Lolita (1962)",
"Elmer Gantry",
"El Mariachi",
"Last Man Standing",
"Aliens",
"Alien³",
"The Lion King",
"Love and Death",
"Love and Other Catastrophes",
"Love Letters",
"The Legend of the Lone Ranger",
"The Last of the Mohicans",
"Love Me Tender",
"The Long Riders",
"Losin' It",
"The Loss of Sexual Innocence",
"Legends of the Fall",
"A League of Their Own",
"Loaded Weapon 1",
"The Lost Weekend",
"Le petit Nicolas",
"Logan's Run",
"Betty Fisher et autres histoires",
"Light Sleeper",
"Little Shop of Horrors",
"Lone Star",
"Latter Days",
"Lethal Weapon",
"Lethal Weapon 3",
"The Last Time I Committed Suicide",
"Little Voice",
"The Last Temptation of Christ",
"License to Kill",
"Cama adentro",
"Leaving Las Vegas",
"The Lawnmower Man",
"Lone Wolf McQuade",
"Little Women",
"Lawrence of Arabia",
"Menace II Society",
"Much Ado About Nothing",
"Major Dundee",
"The Magic Flute",
"Mata Hari",
"Malcolm X",
"Maniac",
"Mary Poppins",
"Mary Reilly",
"Maximum Risk",
"M*A*S*H",
"The Mask",
"Mars Attacks!",
"Mo' Better Blues",
"Moby Dick",
"My Beautiful Laundrette",
"Michael Jordan to the MAX",
"Michael Collins",
"My Cousin Vinny",
"Medicine Man",
"Madadayo",
"Modern Problems",
"Amadeus",
"Modern Times",
"The Mighty Ducks",
"A Man for All Seasons",
"Megaforce",
"The Mirror Has Two Faces",
"Midnight Cowboy",
"Midnight Run",
"Major League",
"The Molly Maguires",
"Malevolence",
"Mad Max 2: The Road Warrior",
"It's a Mad Mad Mad Mad World",
"Mad Max",
"Mad Max Beyond Thunderdome",
"The Man From Snowy River",
"Men of War",
"Monty Python and the Holy Grail",
"Men with Brooms",
"Mutiny on The Bounty",
"Mommie Dearest",
"March or Die",
"Memoirs of an Invisible Man",
"The Mongol King",
"My Own Private Idaho",
"Moonraker",
"Money Train",
"Metropolitan",
"The Life of Brian",
"Mallrats",
"American Desi",
"Mrs. Winterbourne",
"Mrs. Doubtfire",
"Mr. Smith Goes To Washington",
"Mortal Kombat",
"Frankenstein",
"The Misfits",
"My Stepmother Is an Alien",
"The Man Who Shot Liberty Valance",
"Mission: Impossible",
"Meteor",
"Multiplicity",
"Mutual Appreciation",
"The Muppet Christmas Carol",
"The Man with the Golden Gun",
"My Fair Lady",
"Mystic Pizza",
"Namastey London",
"Naturally Native",
"Inchon",
"Indiana Jones and the Temple of Doom",
"Indiana Jones and the Last Crusade",
"Neal n' Nikki",
"A Nightmare on Elm Street 4: The Dream Master",
"Next Stop, Wonderland",
"Nighthawks",
"The English Patient",
"Niagara",
"The Naked Gun 2Ω: The Smell of Fear",
"Naked Gun 33 1/3: The Final Insult",
"National Lampoon's Animal House",
"Night of the Living Dead",
"No Looking Back",
"The Nun's Story",
"A Nightmare on Elm Street",
"A Nightmare On Elm Street Part 2: Freddy's Revenge",
"A Nightmare On Elm Street 3: Dream Warriors",
"A Nightmare On Elm Street: The Dream Child",
"Freddy's Dead: The Final Nightmare",
"Wes Craven's New Nightmare",
"Night of the Living Dead",
"Notorious",
"Never Say Never Again",
"The Nutcracker",
"Nowhere to Run",
"Interview with the Vampire: The Vampire Chronicles",
"The Nutty Professor",
"Die Unendliche Geschichte",
"Interview with the Assassin",
"Nixon",
"New York, New York",
"New York Stories",
"Obitaemyy ostrov",
"Octopussy",
"On Deadly Ground",
"One Flew Over the Cuckoo's Nest",
"The Offspring",
"On Her Majesty's Secret Service",
"The Omen",
"The Omega Code",
"Out of Africa",
"Out of the Dark",
"Ordinary People",
"The Other Side of Heaven",
"On the Down Low",
"Othello",
"On the Outs",
"On the Waterfront",
"Outbreak",
"The Outsiders",
"The Oxford Murders",
"Police Academy",
"Police Academy 7: Mission to Moscow",
"Paa",
"Pale Rider",
"Patriot Games",
"The Pallbearer",
"Pocahontas",
"Pocketful of Miracles",
"PCU",
"Pete's Dragon",
"Pat Garrett and Billy the Kid",
"Poltergeist",
"Poltergeist III",
"Phantasm II",
"Phenomenon",
"Philadelphia",
"The Phantom",
"Pi",
"Pink Flamingos",
"The Pirate",
"The Planet of the Apes",
"The Player",
"Apollo 13",
"Platoon",
"Panic",
"The Adventures of Pinocchio",
"Pandora's Box",
"Pink Narcissus",
"Penitentiary",
"The Pursuit of D.B. Cooper",
"Poetic Justice",
"Porky's",
"Peace, Propaganda and the Promised Land",
"Popeye",
"Predator 2",
"Predator",
"The Princess Bride",
"Prison",
"LÈon",
"Prophecy",
"The Prince of Tides",
"Proud",
"Pretty Woman",
"Partition",
"The Postman Always Rings Twice",
"Peggy Sue Got Married",
"Peter Pan",
"Pet Sematary",
"Patton",
"The Puffy Chair",
"Pulp Fiction",
"Paint Your Wagon",
"The Prisoner of Zenda",
"The Perez Family",
"Q",
"The Quick and the Dead",
"Quigley Down Under",
"La Guerre du feu",
"Quo Vadis?",
"Rang De Basanti",
"Robin and Marian",
"Ransom",
"Rosemary's Baby",
"Rebecca",
"Robin Hood: Prince of Thieves",
"Rumble in the Bronx",
"Rob Roy",
"Raging Bull",
"Richard III",
"Raising Cain",
"RoboCop",
"RoboCop 3",
"Ri¢hie Ri¢h",
"Radio Days",
"Radio Flyer",
"Reservoir Dogs",
"Raiders of the Lost Ark",
"Red River",
"Reds",
"Le Violon rouge",
"Red Sonja",
"Star Wars Ep. VI: Return of the Jedi",
"The Return",
"The Rise and Fall of Miss Thang",
"Roger & Me",
"The Right Stuff",
"The Rocky Horror Picture Show",
"Road House",
"Romeo Is Bleeding",
"Rockaway",
"Rocky",
"Return of the Living Dead Part II",
"The R.M.",
"Renaissance Man",
"Rambo: First Blood Part II",
"Rambo III",
"Romeo+Juliet",
"Ramanujan",
"Rain Man",
"Rapa Nui",
"Roar",
"The Robe",
"The Rock",
"The Remains of the Day",
"Airplane!",
"Repo Man",
"Rocket Singh: Salesman of the Year",
"Raise the Titanic",
"Restoration",
"The Return of the Living Dead",
"Rejsen til Saturn",
"Return to the Land of Wonders",
"Return to Oz",
"The Running Man",
"Run Lola Run",
"Revolution#9",
"The River Wild",
"Se7en",
"Safe Men",
"Secrets & Lies",
"Sgt. Bilko",
"Sabrina",
"Subway",
"School Daze",
"Scarface",
"Schindler's List",
"A Streetcar Named Desire",
"Shadow Conspiracy",
"Short Cut to Nirvana: Kumbh Mela",
"Spartacus",
"Sunday",
"She Done Him Wrong",
"Secret, The",
"Sea Rex 3D: Journey to a Prehistoric World",
"State Fair",
"Sticky Fingers of Time",
"Stargate - The Ark of Truth",
"She's Gotta Have It",
"Stargate",
"The Shadow",
"Show Boat",
"Shadowlands",
"Shanghai Surprise",
"Shalako",
"Sheena",
"Shine",
"The Shining",
"Haakon Haakonsen",
"Ishtar",
"Showgirls",
"The Shawshank Redemption",
"Silver Bullet",
"Side Effects",
"Set It Off",
"The Silence of the Lambs",
"Silver Medalist",
"Silent Trigger",
"Thinner",
"Sling Blade",
"Slacker",
"Some Like it Hot",
"The Scarlet Letter",
"Silmido",
"Sleeper",
"Sleepers",
"The Slaughter Rule",
"Solomon and Sheba",
"Sur Le Seuil",
"The Usual Suspects",
"Silverado",
"Salvador",
"Sex, Lies, and Videotape",
"Show Me",
"Simon",
"Super Mario Bros.",
"Somewhere in Time",
"Smoke Signals",
"Serial Mom",
"Sommersturm",
"Silent Movie",
"The Santa Clause",
"The Singles Ward",
"Sense and Sensibility",
"Singin' in the Rain",
"Solitude",
"The Sound of Music",
"She's the One",
"Straight out of Brooklyn",
"Spaceballs",
"Speed",
"Species",
"Sphinx",
"Spaced Invaders",
"Spellbound",
"Splash",
"Superman IV: The Quest for Peace",
"Superman II",
"Superman III",
"Sparkler",
"Superman",
"The Specialist",
"The Sorcerer",
"Sisters in Law",
"Smilla's Sense of Snow",
"Assassins",
"Star Trek: The Motion Picture",
"Star Trek III: The Search for Spock",
"Star Trek IV: The Voyage Home",
"Stand by Me",
"Stone Cold",
"The Stewardesses",
"Street Fighter",
"Star Trek II: The Wrath of Khan",
"Steal (Canadian Release)",
"The Sting",
"Stonewall",
"Star Trek V: The Final Frontier",
"Star Trek VI: The Undiscovered Country",
"Star Trek: Generations",
"Stripes",
"Striptease",
"Star Wars Ep. IV: A New Hope",
"Saints and Soldiers",
"Steppin: The Movie",
"Strangers on a Train",
"Sugar Hill",
"Stiff Upper Lips",
"Shichinin no samurai",
"Sweet Charity",
"Sands of Iwo Jima",
"The Spy Who Loved Me",
"The Swindle",
"Swingers",
"Snow White and the Seven Dwarfs",
"The Sweet Hereafter",
"She Wore a Yellow Ribbon",
"Sex with Strangers",
"Spy Hard",
"Shi Yue Wei Cheng",
"Tango",
"The Age of Innocence",
"Talk Radio",
"The Texas Chainsaw Massacre",
"The Texas Chainsaw Massacre 2",
"Timecop",
"Tin Cup",
"Torn Curtain",
"To Die For",
"Terror Train",
"Teen Wolf Too",
"The Fan",
"Timber Falls",
"Tae Guik Gi: The Brotherhood of War",
"The Incredibly True Adventure of Two Girls in Love",
"There Goes My Baby",
"Tank Girl",
"Top Gun",
"Thunderball",
"The Calling",
"The Craft",
"It Happened One Night",
"The Net",
"La otra conquista",
"The Journey",
"They Live",
"Tales from the Hood",
"Time Bandits",
"Tombstone",
"Time Changer",
"Teenage Mutant Ninja Turtles II: The Secret of the Ooze",
"Teenage Mutant Ninja Turtles III",
"Tango & Cash",
"Teenage Mutant Ninja Turtles",
"Topaz",
"Taps",
"Trainspotting",
"The Train",
"Troop Beverly Hills",
"Trekkies",
"True Lies",
"Terminator 2: Judgment Day",
"Travellers and Magicians",
"The Terminator",
"Tremors",
"True Romance",
"Tron",
"Trapeze",
"The Terrorist",
"Trois",
"Things to Do in Denver when You're Dead",
"A Time to Kill",
"Total Recall",
"This Thing of Ours",
"Tootsie",
"That Thing You Do!",
"The Trouble With Harry",
"Twins",
"Twister",
"Towering Inferno",
"Taxi Driver",
"Tycoon",
"Toy Story",
"Twilight Zone: The Movie",
"Unforgettable",
"UHF",
"Ulee's Gold",
"Under Siege 2: Dark Territory",
"The Untouchables",
"Under the Rainbow",
"Veer-Zaara",
"Videodrome",
"Les Visiteurs",
"Couloirs du temps: Les visiteurs 2, Les",
"The Valley of Decision",
"Vampire in Brooklyn",
"The Verdict",
"Virtuosity",
"Everything Put Together",
"A View to a Kill",
"The Work and the Glory: American Zion",
"A Walk on the Moon",
"The Work and the Glory",
"The Work and the Story",
"What the #$'! Do We Know",
"Waiting for Guffman",
"Who Framed Roger Rabbit?",
"White Fang",
"White Squall",
"What's Eating Gilbert Grape",
"Witchboard",
"The Wiz",
"Walking and Talking",
"The Wild Bunch",
"Wall Street",
"Waterloo",
"The Wrong Man",
"Woman Chaser",
"Wings",
"We're No Angels",
"Wolf",
"Warriors of Virtue",
"War Games",
"Warlock",
"War and Peace",
"Warlock: The Armageddon",
"Wasabi",
"West Side Story",
"When The Cat's Away",
"Welcome to the Dollhouse",
"Witness",
"Waterworld",
"Willy Wonka & the Chocolate Factory",
"Wayne's World",
"Wyatt Earp",
"The Wizard of Oz",
"Executive Decision",
"Exodus",
"The Exorcist",
"Extreme Measures",
"You Can't Take It With You",
"Eye for an Eye",
"Young Guns",
"Young Frankenstein",
"Yentl",
"You Only Live Twice",
"Ayurveda: Art of Being",
"Young Sherlock Holmes",
"102 Dalmatians",
"Ten Things I Hate About You",
"10,000 B.C.",
"10th & Wolf",
"11:14",
"Cloverfield",
"12 Rounds",
"Thirteen Conversations About One Thing",
"13 Going On 30",
"Thirteen Ghosts",
"1408",
"15 Minutes",
"16 to Life",
"16 Blocks",
"One Man's Hero",
"First Daughter",
"2012",
"2046",
"20 Dates",
"21",
"21 Grams",
"25th Hour",
"28 Days",
"28 Days Later...",
"28 Weeks Later",
"Two Brothers",
"Cop Out",
"Two Lovers",
"2 For the Money",
"Secondhand Lions",
"Two Can Play That Game",
"Two Weeks Notice",
"300",
"30 Days of Night",
"Three Kings",
"3000 Miles to Graceland",
"3 Strikes",
"3:10 to Yuma",
"40 Days and 40 Nights",
"The 40 Year-old Virgin",
"Four Brothers",
"Four Christmases",
"The Four Feathers",
"The Fourth Kind",
"4 luni, 3 saptamani si 2 zile",
"50 First Dates",
"Six-String Samurai",
"The 6th Day",
"Seven Pounds",
"88 Minutes",
"Eight Below",
"Eight Legged Freaks",
"8 Mile",
"8 femmes",
"9",
"Nine Queens",
"The Whole Ten Yards",
"The Whole Nine Yards",
"About a Boy",
"A Bug's Life",
"Abandon",
"Absolute Power",
"Tristram Shandy: A Cock and Bull Story",
"Adoration",
"Adaptation",
"Anything Else",
"Antwone Fisher",
"Aeon Flux",
"After the Sunset",
"A Good Year",
"Agora",
"Air Bud",
"Air Force One",
"Akeelah and the Bee",
"All the King's Men",
"The Alamo",
"All About the Benjamins",
"Albino Alligator",
"Sweet Home Alabama",
"Fat Albert",
"Alice in Wonderland",
"Alfie",
"It's All Gone Pete Tong",
"Ali",
"Alien: Resurrection",
"Alien",
"A Lot Like Love",
"All the Pretty Horses",
"Almost Famous",
"Evan Almighty",
"Bruce Almighty",
"All or Nothing",
"Alone in the Dark",
"Alpha and Omega 3D",
"Along Came a Spider",
"The Dangerous Lives of Altar Boys",
"Alatriste",
"Alvin and the Chipmunks",
"Alex & Emma",
"Alexander",
"El Crimen de Padre",
"American Beauty",
"An American Carol",
"American Dreamz",
"Amelia",
"Le Fabuleux destin d'AmÈlie Poulain",
"American History X",
"American Gangster",
"An American Haunting",
"Amistad",
"AimÈe & Jaguar",
"Amores Perros",
"American Pie 2",
"American Wedding",
"American Pie",
"American Psycho",
"American Splendor",
"America's Sweethearts",
"The Amityville Horror",
"Anacondas: The Hunt for the Blood Orchid",
"Anaconda",
"Anastasia",
"Anchorman: The Legend of Ron Burgundy",
"Angels & Demons",
"Angela's Ashes",
"Angel Eyes",
"Anger Management",
"A Night at the Roxbury",
"The Animal",
"Anna and the King",
"Analyze That",
"Analyze This",
"The Ant Bully",
"Antitrust",
"Marie Antoinette",
"Antz",
"Anywhere But Here",
"Appaloosa",
"Apocalypto",
"Pieces of April",
"The Apostle",
"Aquamarine",
"Ararat",
"Are We There Yet?",
"Arlington Road",
"Armageddon",
"Hey Arnold! The Movie",
"Against the Ropes",
"King Arthur",
"Arthur et les Minimoys",
"Artificial Intelligence: AI",
"The Art of War",
"Astro Boy",
"A Serious Man",
"The Astronaut Farmer",
"As Good as it Gets",
"A Single Man",
"A Simple Plan",
"Assault On Precinct 13",
"The Astronaut's Wife",
"The A-Team",
"At First Sight",
"Aqua Teen Hunger Force: The Movie",
"ATL",
"Atlantis: The Lost Empire",
"Hearts in Atlantis",
"Autumn in New York",
"Atonement",
"The Rules of Attraction",
"August Rush",
"Across the Universe",
"Austin Powers: The Spy Who Shagged Me",
"Austin Powers in Goldmember",
"Austin Powers: International Man of Mystery",
"Australia",
"Auto Focus",
"Avatar",
"The Avengers",
"The Aviator",
"AVP: Alien Vs. Predator",
"Around the World in 80 Days",
"Awake",
"And When Did You Last See Your Father?",
"Away We Go",
"Don't Say a Word",
"Babe: Pig in the City",
"Babel",
"Babylon A.D.",
"My Baby's Daddy",
"Super Babies: Baby Geniuses 2",
"Baby Geniuses",
"Bad Boys II",
"Bad Company",
"La mala educaciÛn",
"Bad Lieutenant: Port of Call New Orleans",
"The Bad News Bears",
"Burn After Reading",
"Bait",
"Boys and Girls",
"Black and White",
"Bangkok Dangerous",
"The Banger Sisters",
"Les invasions barbares",
"Barney's Great Adventure",
"Basic Instinct 2",
"Basic",
"Batman Begins",
"Battlefield Earth: A Saga of the Year 3000",
"The Dark Knight",
"Bats",
"The Battle of Shaker Heights",
"Baby Boy",
"The Curious Case of Benjamin Button",
"Baby Mama",
"Bless the Child",
"The Bachelor",
"The Broken Hearts Club: A Romantic Comedy",
"Be Cool",
"Big Daddy",
"Bedazzled",
"Body of Lies",
"Blood Diamond",
"Mr. Bean's Holiday",
"Beautiful",
"Beavis and Butt-head Do America",
"Bend it Like Beckham",
"In the Bedroom",
"Bee Movie",
"Artie Lange's Beer League",
"Being John Malkovich",
"Behind Enemy Lines",
"Bella",
"Beloved",
"Les Triplettes de Belleville",
"Beyond the Mat",
"The Benchwarmers",
"The Last Airbender",
"Beowulf",
"The Importance of Being Earnest",
"Beauty Shop",
"Better Luck Tomorrow",
"Big Fat Liar",
"Big Fish",
"Before Sunset",
"The Big Hit",
"Birthday Girl",
"The Big Lebowski",
"Big Momma's House",
"Black Hawk Down",
"Eye of the Beholder",
"The Big Bounce",
"Big Trouble",
"Billy Elliot",
"Bicentennial Man",
"Birth",
"Becoming Jane",
"Bridget Jones: The Edge Of Reason",
"Bridget Jones's Diary",
"The Bank Job",
"Blade",
"The Blair Witch Project",
"Blast from the Past",
"Blade 2",
"Blade: Trinity",
"Blades of Glory",
"The Blind Side",
"Blood Work",
"Zwartboek",
"Black Christmas",
"Black Snake Moan",
"Black Water Transit",
"Blindness",
"Legally Blonde 2: Red, White & Blonde",
"Legally Blonde",
"Blood and Wine",
"Blow",
"Ballistic: Ecks vs. Sever",
"Blue Crush",
"Bamboozled",
"A Beautiful Mind",
"Big Momma's House 2",
"Story of Bonnie and Clyde, The",
"The Boondock Saints",
"Bandidas",
"Bandits",
"Bobby",
"The Book of Eli",
"Boogeyman",
"Bolt",
"The Other Boleyn Girl",
"The Bone Collector",
"Bones",
"Bon Voyage",
"Boogie Nights",
"Borat",
"The Bourne Identity",
"The Bourne Supremacy",
"The Bourne Ultimatum",
"The Borrowers",
"My Boss's Daughter",
"Bounce",
"Bowling for Columbine",
"Boys Don't Cry",
"The Boy in the Striped Pyjamas",
"Bulletproof Monk",
"Heartbreakers",
"Bride & Prejudice",
"Beyond Borders",
"Bride Wars",
"Breakfast of Champions",
"Brigham City",
"Brick",
"Bringing Out The Dead",
"Breakdown",
"Brooklyn's Finest",
"Brokeback Mountain",
"Breakin' All the Rules",
"The Break Up",
"An Alan Smithee Film: Burn Hollywood Burn",
"Barney's Version",
"Brooklyn Rules",
"Boiler Room",
"The Brothers Solomon",
"The Brothers",
"Brown Sugar",
"Bright Star",
"Brother",
"In Bruges",
"The Brown Bunny",
"Barbershop 2: Back in Business",
"Barbershop",
"Best in Show",
"Bad Santa",
"Inglourious Basterds",
"Blue Streak",
"The Butterfly Effect",
"O Brother, Where Art Thou",
"Batman & Robin",
"Boat Trip",
"Bubba Ho-Tep",
"Bubble",
"Bubble Boy",
"Buffalo '66",
"Buffalo Soldiers",
"Bulworth",
"W.",
"Bowfinger",
"Bewitched",
"Barnyard: The Original Party Animals",
"Beyond the Sea",
"Cabin Fever",
"CachÈ",
"Cadillac Records",
"Can't Hardly Wait",
"Capote",
"Sukkar banat",
"Disney's A Christmas Carol",
"The Rage: Carrie 2",
"Cars",
"Cast Away",
"Catch Me if You Can",
"The Cat in the Hat",
"Cats Don't Dance",
"Catwoman",
"Cecil B. Demented",
"The Country Bears",
"Center Stage",
"The Corpse Bride",
"Critical Care",
"Connie & Carla",
"Collateral Damage",
"Crocodile Dundee in Los Angeles",
"Celebrity",
"The Cell",
"Cellular",
"City of Ember",
"Charlie and the Chocolate Factory",
"Catch a Fire",
"Charlie's Angels: Full Throttle",
"Charlie's Angels",
"Chasing Amy",
"Chicago",
"Chicken Little",
"Chicken Run",
"Cheaper by the Dozen",
"Cheaper by the Dozen 2",
"Cheri",
"Chill Factor",
"Bride of Chucky",
"Seed of Chucky",
"Children of Men",
"Chloe",
"Love in the Time of Cholera",
"Chocolat",
"The Children of Huang Shi",
"Les Choristes",
"Chairman of the Board",
"Chuck&Buck",
"The Chumscrubber",
"Charlotte's Web",
"Cinderella Man",
"A Cinderella Story",
"City of Angels",
"A Civil Action",
"CJ7",
"The Cookout",
"The Claim",
"The Santa Clause 2",
"Cold Mountain",
"Clean",
"Click",
"Code Name: The Cleaner",
"Welcome to Collinwood",
"Closer",
"Clerks II",
"Maid in Manhattan",
"It's Complicated",
"The Company",
"Constantine",
"The Contender",
"Die F‰lscher",
"Control",
"Centurion",
"Coach Carter",
"Confessions of a Dangerous Mind",
"Coco avant Chanel",
"Code 46",
"Agent Cody Banks 2: Destination London",
"Agent Cody Banks",
"Collateral",
"College",
"Company Man",
"Come Early Morning",
"Con Air",
"Confidence",
"Conspiracy Theory",
"Contact",
"The Cooler",
"Copying Beethoven",
"Corky Romano",
"Coraline",
"Confessions of a Teenage Drama Queen",
"The Covenant",
"Cop Land",
"Couples Retreat",
"Cradle Will Rock",
"Crank",
"Crash",
"The Crazies",
"Crazy in Alabama",
"The Crew",
"Cradle 2 the Grave",
"Crocodile Hunter: Collision Course",
"The In Crowd",
"The Corruptor",
"Man cheng jin dai huang jin jia",
"Crash",
"Crossover",
"Crossroads",
"The Count of Monte Cristo",
"Cruel Intentions",
"The Cry of the Owl",
"Cry Wolf",
"Crazy Heart",
"crazy/beautiful",
"The Last Castle",
"Clockstoppers",
"Catch That Kid",
"Cats & Dogs",
"The City of Your Final Destination",
"Cidade de Deus",
"City of Ghosts",
"City by the Sea",
"The Cube",
"Coyote Ugly",
"Curious George",
"Cursed",
"Civil Brand",
"Cloudy with a Chance of Meatballs",
"Charlie Wilson's War",
"Cyrus",
"Daddy Day Camp",
"Daddy Day Care",
"The Black Dahlia",
"Diary of a Mad Black Woman",
"Dance Flick",
"Dancer, Texas Pop. 81",
"Daredevil",
"Dark City",
"His Dark Materials: The Golden Compass",
"Donnie Darko",
"Dark Water",
"Win a Date with Tad Hamilton!",
"Date Movie",
"Date Night",
"Dawn of the Dead",
"Daybreakers",
"Day of the Dead",
"The Great Debaters",
"Double Jeopardy",
"Der Baader Meinhof Komplex",
"Deep Blue Sea",
"Drive Me Crazy",
"Dave Chappelle's Block Party",
"Dancer in the Dark",
"Diary of the Dead",
"Dear John",
"Dear Wendy",
"D.E.B.S.",
"Deconstructing Harry",
"Mr. Deeds",
"The Deep End of the Ocean",
"Deep Rising",
"Definitely, Maybe",
"Death at a Funeral",
"DÈj‡ Vu",
"Delgo",
"Despicable Me",
"Deuce Bigalow: European Gigolo",
"Deuce Bigalow: Male Gigolo",
"The Devil's Own",
"Darkness Falls",
"Defiance",
"A Dog of Flanders",
"Dragonfly",
"The Dead Girl",
"The Lords of Dogtown",
"Dick",
"Live Free or Die Hard",
"Digimon: The Movie",
"Dirty Work",
"Banlieue 13",
"Disaster Movie",
"District 9",
"Disturbing Behavior",
"Le Scaphandre et le Papillon",
"Dark Blue",
"Dreaming of Joseph Lees",
"De-Lovely",
"Madea's Family Reunion",
"Dead Man on Campus",
"Drowning Mona",
"Diamonds",
"Doomsday",
"Donkey Punch",
"Dinosaur",
"DOA: Dead or Alive",
"Doogal",
"Dogma",
"Domestic Disturbance",
"Domino",
"Donnie Brasco",
"Doom",
"Doubt",
"Doug's 1st Movie",
"Downfall",
"The Deep End",
"Deep Impact",
"The Departed",
"Dracula 2000",
"Death Race",
"Drag Me To Hell",
"Crouching Tiger, Hidden Dragon",
"Derailed",
"Doctor Dolittle 2",
"Doctor Dolittle",
"Dickie Roberts: Former Child Star",
"Drillbit Taylor",
"Driving Lessons",
"Driven",
"Darkness",
"I Dreamed of Africa",
"Dreamcatcher",
"Dreamgirls",
"Detroit Rock City",
"Drop Dead Gorgeous",
"Drumline",
"The Legend of Drunken Master",
"Dinner Rush",
"The Descent",
"DysFunkTional Family",
"The Master of Disguise",
"Desert Blue",
"Disturbia",
"Double Take",
"Death at a Funeral",
"Deterrence",
"Dirty Pretty Things",
"Dudley Do-Right",
"Duets",
"The Dukes of Hazzard",
"Duma",
"Dumb and Dumberer: When Harry Met Lloyd",
"Dungeons & Dragons 2: The Elemental Might",
"Dungeons and Dragons",
"Duplex",
"You, Me and Dupree",
"Devil's Advocate",
"The Da Vinci Code",
"D-War",
"Deuces Wild",
"Down to Earth",
"Down to You",
"I'm Not There",
"Easy A",
"The Eclipse",
"Edge of Darkness",
"EDtv",
"An Education",
"East is East",
"8 Heads in a Duffel Bag",
"Eagle Eye",
"8MM",
"Iris",
"Election",
"Elektra",
"Elf",
"Elizabeth",
"Ella Enchanted",
"Once Upon a Time in Mexico",
"The Adventures of Elmo in Grouchland",
"The Emperor's Club",
"Empire",
"La marche de l'empereur",
"Employee of the Month",
"The Emperor's New Groove",
"Enchanted",
"The End of the Affair",
"End of Days",
"End of the Spear",
"Enemy at the Gates",
"Enemy of the State",
"Entrapment",
"Enough",
"Envy",
"Epic Movie",
"Eragon",
"Erin Brockovich",
"Elizabethtown",
"Eat Pray Love",
"Eternal Sunshine of the Spotless Mind",
"Eulogy",
"Eureka",
"Eurotrip",
"Eve's Bayou",
"Event Horizon",
"Ever After: A Cinderella Story",
"Evita",
"Evolution",
"An Everlasting Piece",
"Fong juk",
"Exit Wounds",
"The Exorcism of Emily Rose",
"Exorcist: The Beginning",
"The Express",
"eXistenZ",
"Extract",
"Extreme Ops",
"Eyes Wide Shut",
"The Faculty",
"Failure to Launch",
"Keeping the Faith",
"Fame",
"The Family Stone",
"Lisa Picard is Famous",
"Fantasia 2000 (Theatrical Release)",
"Far From Heaven",
"Fascination",
"Father's Day",
"Facing the Giants",
"Face/Off",
"Final Destination 2",
"Final Destination 3",
"The Final Destination",
"FearDotCom",
"Fear and Loathing in Las Vegas",
"Feast",
"The Fifth Element",
"Femme Fatale",
"Bring it On",
"Fantastic Four",
"54",
"2 Fast 2 Furious",
"The Fast and the Furious",
"Fool's Gold",
"Fahrenheit 9/11",
"Capitalism: A Love Story",
"From Hell",
"Fido",
"Fight Club",
"Final Fantasy: The Spirits Within",
"Finding Forrester",
"Freddy Got Fingered",
"Firestorm",
"Fish Tank",
"Felicia's Journey",
"From Justin to Kelly",
"Final Destination",
"Flags of Our Fathers",
"Flawless",
"Flammen og Citronen",
"Flicka",
"Flight of the Phoenix",
"United 93",
"Flubber",
"Flushed Away",
"Flyboys",
"Fly Me To the Moon",
"Find Me Guilty",
"The Family Man",
"Friends with Money",
"Finding Nemo",
"Finishing the Game",
"Foodfight!",
"Formula 51",
"The Fountain",
"Fantastic Four: Rise of the Silver Surfer",
"Farce of the Penguins",
"Flightplan",
"Frailty",
"The Forbidden Kingdom",
"Freedom Writers",
"Next Friday",
"Freaky Friday",
"Frequency",
"Serenity",
"The Forgotton",
"Jason X",
"Friday the 13th",
"Friday After Next",
"Frida",
"Friday Night Lights",
"Frozen River",
"The Princess and the Frog",
"Full Frontal",
"Fireproof",
"The Forsaken",
"Frost/Nixon",
"Factory Girl",
"Fateless",
"The Full Monty",
"Fun With Dick And Jane",
"Funny People",
"Fur",
"Furry Vengeance",
"Fever Pitch",
"For Your Consideration",
"The Game",
"Gangs of New York",
"Garfield",
"Georgia Rule",
"Gattaca",
"Gone, Baby, Gone",
"Goodbye, Lenin!",
"Good Boy!",
"Gods and Generals",
"The Good German",
"Gods and Monsters",
"The Good Night",
"The Good Thief",
"George and the Dragon",
"Gerry",
"G-Force",
"Gridiron Gang",
"The Good Girl",
"Ghost Ship",
"Ghosts of Mississippi",
"The Glass House",
"Ghost Rider",
"Ghost Town",
"The Gift",
"Gigli",
"G.I.Jane",
"G.I. Joe: The Rise of Cobra",
"Girl, Interrupted",
"Gladiator",
"Glitter",
"Gloria",
"Good Luck Chuck",
"John Carpenter's Ghosts of Mars",
"The Green Mile",
"The Game of Their Lives",
"Gandhi, My Father",
"Good Night and Good Luck",
"The General's Daughter",
"Gun Shy",
"Go!",
"Goal!",
"Godzilla 2000",
"Godsend",
"Godzilla",
"Smiling Fish and Goat on Fire",
"Gone in 60 Seconds",
"Good",
"Good Will Hunting",
"Gosford Park",
"Gossip",
"The Game Plan",
"Girl with a Pearl Earring",
"Galaxy Quest",
"Saving Grace",
"Gracie",
"The Great Raid",
"The Grand",
"The Constant Gardener",
"Garden State",
"Grease",
"Green Zone",
"George Of The Jungle",
"The Brothers Grimm",
"The Girl Next Door",
"How the Grinch Stole Christmas",
"Grindhouse",
"Get Rich or Die Tryin'",
"Wallace & Gromit: The Curse of the Were-Rabbit",
"Groove",
"Grosse Point Blank",
"The Grudge 2",
"The Grudge",
"Grown Ups",
"Ghost Dog: Way of the Samurai",
"Guess Who",
"Get Carter",
"Get Over It",
"Veronica Guerin",
"The Guru",
"A Guy Thing",
"Ghost World",
"Halloween 2",
"Hairspray",
"Half Baked",
"Hamlet",
"Hamlet",
"Hannibal the Conqueror",
"Hancock",
"Happily N'Ever After",
"The Happening",
"Happy, Texas",
"Hard Candy",
"Harsh Times",
"Harvard Man",
"Harry Brown",
"The House Bunny",
"The Devil's Rejects",
"House of 1,000 Corpses",
"The House of the Dead",
"Hidalgo",
"Hide and Seek",
"Hoodwinked",
"How Do You Know?",
"Head of State",
"Hedwig and the Angry Inch",
"Pooh's Heffalump Movie",
"He Got Game",
"Heist",
"Hellboy 2: The Golden Army",
"Hellboy",
"Raising Helen",
"A Home at the End of the World",
"Jet Li's Hero",
"Here on Earth",
"House of Flying Daggers",
"Head Over Heels",
"The Haunting",
"High Crimes",
"High Fidelity",
"Highlander: Endgame",
"High Heels and Low Lifes",
"High School Musical 3: Senior Year",
"The History Boys",
"A History of Violence",
"Hitch",
"Hitman",
"Harold & Kumar Escape from Guantanamo Bay",
"Harold & Kumar Go to White Castle",
"Held Up",
"The Hills Have Eyes II",
"The Hills Have Eyes",
"How to Lose Friends & Alienate People",
"Half Past Dead",
"Halloween: H2O",
"Halloween: Resurrection",
"Holy Man",
"Milk",
"Hamlet 2",
"Hannah Montana/Miley Cyrus: Best of Both Worlds Concert Tour",
"Home on the Range",
"Hannibal Rising",
"The Hangover",
"Hanging Up",
"The Hoax",
"Holes",
"The Holiday",
"Hollow Man",
"Holy Girl",
"Home Fries",
"Honey",
"The Honeymooners",
"Hoot",
"Hope Floats",
"Horton Hears a Who",
"Hostel: Part II",
"Hostage",
"Hostel",
"Hot Rod",
"The Hours",
"Life as a House",
"Bringing Down the House",
"House of Wax",
"How to Deal",
"How High",
"Def Jam's How To Be a Player",
"Harry Potter and the Chamber of Secrets",
"Harry Potter and the Prisoner of Azkaban",
"Harry Potter and the Goblet of Fire",
"Harry Potter and the Order of the Phoenix",
"Harry Potter and the Half-Blood Prince",
"Harry Potter and the Sorcerer's Stone",
"Happy Feet",
"Hercules",
"Hardball",
"Hard Rain",
"The Horse Whisperer",
"The Heart of Me",
"Casa de Areia",
"Sorority Row",
"Hart's War",
"The Hitchhiker's Guide to the Galaxy",
"High Tension",
"Hot Fuzz",
"Human Traffic",
"How to Train Your Dragon",
"I Heart Huckabees",
"Hulk",
"The Incredible Hulk",
"The Hunchback of Notre Dame",
"The Hunted",
"Hurricane Streets",
"The Hurt Locker",
"Hustle & Flow",
"Starsky & Hutch",
"Hollywood Ending",
"Hollywood Homicide",
"Whatever it Takes",
"Ice Age: The Meltdown",
"Ice Age: Dawn of the Dinosaurs",
"Ice Age",
"Ice Princess",
"The Ice Storm",
"I Come with the Rain",
"Identity",
"An Ideal Husband",
"Idlewild",
"Igby Goes Down",
"Igor",
"I Got the Hook-Up!",
"Idle Hands",
"Imaginary Heroes",
"I Still Know What You Did Last Summer",
"I Know What You Did Last Summer",
"I Love You, Beth Cooper",
"The Illusionist",
"But I'm a Cheerleader",
"The Imaginarium of Doctor Parnassus",
"Imagine Me & You",
"Imagine That",
"Impostor",
"Inception",
"In the Cut",
"In Too Deep",
"IndigËnes",
"Indiana Jones and the Kingdom of the Crystal Skull",
"In Dreams",
"Infamous",
"The Informant",
"The Informers",
"Inkheart",
"In & Out",
"I Now Pronounce You Chuck and Larry",
"Inside Man",
"The Insider",
"Insomnia",
"Inspector Gadget",
"Instinct",
"The Invention of Lying",
"The Invasion",
"Ira and Abby",
"I, Robot",
"Iron Man 2",
"Iron Man",
"The Iron Giant",
"Obsluhoval jsem anglickÈho kr·le",
"The Island",
"Isn't She Great",
"I Spy",
"The Italian Job",
"I Think I Love My Wife",
"Jack Frost",
"Jackie Brown",
"The Jackal",
"The Jacket",
"Jakob the Liar",
"Jarhead",
"Jawbreaker",
"The World is Not Enough",
"Die Another Day",
"Casino Royale",
"Quantum of Solace",
"Jennifer's Body",
"Jackass: Number Two",
"Jackass: The Movie",
"Journey to the Center of the Earth",
"Joe Dirt",
"The Curse of the Jade Scorpion",
"Jeepers Creepers",
"Johnny English",
"Jeepers Creepers II",
"The Assassination of Jesse James by the Coward Robert Ford",
"Johnson Family Vacation",
"Jersey Girl",
"The Jimmy Show",
"Jindabyne",
"Jackpot",
"Just Like Heaven",
"Just My Luck",
"The Messenger: The Story of Joan of Arc",
"The Jungle Book 2",
"Joe Somebody",
"Jonah Hex",
"John Q",
"Jonah: A VeggieTales Movie",
"The Joneses",
"Josie and the Pussycats",
"Joy Ride",
"Jerry Maguire",
"Jay and Silent Bob Strike Back",
"Jesus' Son",
"Being Julia",
"Julie & Julia",
"Jumper",
"Junebug",
"Juno",
"Jurassic Park 3",
"Just Looking",
"Just Married",
"Juwanna Man",
"Freddy vs. Jason",
"K-19: The Widowmaker",
"Kate and Leopold",
"Kama Sutra",
"Kangaroo Jack",
"Kick-Ass",
"The Original Kings of Comedy",
"Kiss of the Dragon",
"Kung Fu Hustle",
"The Karate Kid",
"The Kentucky Fried Movie",
"Kicking and Screaming",
"Kill Bill: Volume 2",
"Kill Bill: Volume 1",
"Kingdom Come",
"Kingdom of Heaven",
"Kinsey",
"Kissing Jessica Stein",
"Kiss the Girls",
"King Kong",
"Knocked Up",
"Knight and Day",
"The Kingdom",
"Black Knight",
"Knockaround Guys",
"Knowing",
"Knock Off",
"K-PAX",
"Christmas with the Kranks",
"King's Ransom",
"Kiss Kiss, Bang Bang",
"A Knight's Tale",
"The Kite Runner",
"Kundun",
"Kung Pow: Enter the Fist",
"L.A. Confidential",
"Law Abiding Citizen",
"Ladder 49",
"The Ladykillers",
"Lady in the Water",
"The Lake House",
"Lakeview Terrace",
"The Ladies Man",
"Land of the Lost",
"Changing Lanes",
"Lars and the Real Girl",
"L'auberge espagnole",
"Laws of Attraction",
"Little Black Book",
"Layer Cake",
"Larry the Cable Guy: Health Inspector",
"Little Children",
"Save the Last Dance",
"George A. Romero's Land of the Dead",
"Left Behind",
"Legion",
"I am Legend",
"Leatherheads",
"Life Before Her Eyes",
"Letters from Iwo Jima",
"Life, or Something Like It",
"Last Holiday",
"The Hurricane",
"Liar Liar",
"Equilibrium",
"Chasing Liberty",
"The Libertine",
"L.I.E.",
"The Life Aquatic with Steve Zissou",
"The Life of David Gale",
"Life",
"Like Mike",
"Lilo & Stitch",
"Limbo",
"Light It Up",
"Living Out Loud",
"The Lizzie McGuire Movie",
"Letters to Juliet",
"Lucky Break",
"The Last King of Scotland",
"Lolita",
"Love Lisa",
"Little Miss Sunshine",
"In the Land of Women",
"Lions for Lambs",
"London",
"How to Lose a Guy in 10 Days",
"Loser",
"The Losers",
"The Lost City",
"Lost In Space",
"Lost and Found",
"Lottery Ticket",
"Love and Basketball",
"Love Jones",
"The Love Letter",
"Lovely and Amazing",
"The Lord of the Rings: The Two Towers",
"The Lord of the Rings: The Return of the King",
"The Lord of the Rings: The Fellowship of the Ring",
"Lord of War",
"Lock, Stock and Two Smoking Barrels",
"The Last Shot",
"Lonesome Jim",
"The Last Legion",
"The Last Samurai",
"The Last Sin Eater",
"The Last Song",
"Love Stinks",
"Lost in Translation",
"Last Orders",
"Lost Souls",
"The Last Station",
"The Lost World: Jurassic Park",
"License to Wed",
"Looney Tunes: Back in Action",
"Letters to God",
"Lethal Weapon 4",
"Little Man",
"The Lucky Ones",
"Lucky You",
"Luminarias",
"Se jie",
"Luther",
"Love Actually",
"The Little Vampire",
"The Lovely Bones",
"Herbie: Fully Loaded",
"For Love of the Game",
"Leaves of Grass",
"Love Happens",
"Just Visiting",
"Das Leben der Anderen",
"Love Ranch",
"La MÙme",
"The Chronicles of Narnia: The Lion, the Witch and the Wardrobe",
"The Longest Yard",
"Mad City",
"Made",
"Madagascar: Escape 2 Africa",
"Madagascar",
"Mad Hot Ballroom",
"Madison",
"Jane Austen's Mafia",
"Paul Blart: Mall Cop",
"A Man Apart",
"Man on Fire",
"Man of the House",
"Man on the Moon",
"The Man Who Knew Too Little",
"Marci X",
"Married Life",
"The Marine",
"Son of the Mask",
"The Matador",
"The Matrix",
"Max Keeble's Big Move",
"May",
"Murderball",
"Vicky Cristina Barcelona",
"My Big Fat Greek Wedding",
"My Best Friend's Girl",
"Monkeybone",
"Meet the Browns",
"My Bloody Valentine",
"Wu ji",
"McHale's Navy",
"The Martian Child",
"The Manchurian Candidate",
"Mickey Blue Eyes",
"Michael Clayton",
"Master and Commander: The Far Side of the World",
"Nanny McPhee and the Big Bang",
"Nanny McPhee",
"Mean Creek",
"The Medallion",
"Meet Dave",
"Million Dollar Baby",
"Madea Goes To Jail",
"Made of Honor",
"Mean Girls",
"Mean Machine",
"Meet the Deedles",
"Me, Myself & Irene",
"Memoirs of a Geisha",
"Men in Black",
"Men of Honor",
"Memento",
"Mercury Rising",
"Mercy Streets",
"Joyeux NoÎl",
"Message in a Bottle",
"Meet Joe Black",
"Maria Full of Grace",
"Megiddo: Omega Code 2",
"Magnolia",
"The Men Who Stare at Goats",
"Marilyn Hotchkiss' Ballroom Dancing and Charm School",
"Men in Black 2",
"Micmacs",
"The House of Mirth",
"Miss Congeniality 2: Armed and Fabulous",
"Mission: Impossible 2",
"Mission: Impossible III",
"Miss Congeniality",
"The Missing",
"Mighty Joe Young",
"The Majestic",
"Martin Lawrence Live: RunTelDat",
"Malibu's Most Wanted",
"Must Love Dogs",
"My Life Without Me",
"Mission to Mars",
"MirrorMask",
"Mumford",
"Mindhunters",
"Captain Corelli's Mandolin",
"Manderlay",
"Midnight in the Garden of Good and Evil",
"The Man in the Iron Mask",
"Monster-in-Law",
"Moonlight Mile",
"Mona Lisa Smile",
"Monster's Ball",
"MoliËre",
"Molly",
"Monster House",
"Mononoke-hime",
"Monsoon Wedding",
"Monster",
"Monsters, Inc.",
"Mondays in the Sun",
"Money Talks",
"Moon",
"Welcome to Mooseport",
"Morvern Callar",
"The Mothman Prophecies",
"Moulin Rouge",
"Me and Orson Welles",
"Meet the Fockers",
"Meet the Parents",
"Mr. 3000",
"The Miracle",
"Minority Report",
"The Fantastic Mr. Fox",
"Mr. Nice Guy",
"Mrs. Henderson Presents",
"Mortal Kombat: Annihilation",
"Marvin's Room",
"Miracle at St. Anna",
"Mouse Hunt",
"Masked and Anonymous",
"Miss Potter",
"The Missing Person",
"Meet the Spartans",
"Mystery, Alaska",
"Match Point",
"Mother and Child",
"A Mighty Heart",
"Metropolis (2002)",
"The Matrix Reloaded",
"The Matrix Revolutions",
"The Mudge Boy",
"Mulan",
"Mulholland Drive",
"The Mummy",
"The Mummy Returns",
"The Mummy: Tomb of the Dragon Emperor",
"Munich",
"Muppets From Space",
"Murder by Numbers",
"The Muse",
"Night at the Museum",
"The Musketeer",
"Music and Lyrics",
"The Merchant of Venice",
"Miami Vice",
"Monsters vs. Aliens",
"A Mighty Wind",
"The Mexican",
"My Best Friend's Wedding",
"Dude, Where's My Car?",
"My Dog Skip",
"My Date With Drew",
"Me and You and Everyone We Know",
"My Favorite Martian",
"My Fellow Americans",
"My Sister's Keeper",
"My Summer of Love",
"The Mystery Men",
"Mystic River",
"Nacho Libre",
"Narc",
"The Chronicles of Narnia: Prince Caspian",
"National Treasure",
"The Nativity Story",
"Never Back Down",
"Into the Blue",
"Shinjuku Incident",
"No Country for Old Men",
"The Incredibles",
"The Negotiator",
"A Nightmare on Elm Street",
"Not Easily Broken",
"The New Guy",
"The Newton Boys",
"The Next Best Thing",
"Northfork",
"In Good Company",
"Notting Hill",
"Little Nicky",
"Nicholas Nickleby",
"Nim's Island",
"Ninja Assassin",
"The Ninth Gate",
"Never Let Me Go",
"Lucky Numbers",
"Night at the Museum: Battle of the Smithsonian",
"Nick and Norah's Infinite Playlist",
"Notorious",
"No End In Sight",
"Nomad",
"No Man's Land",
"No Reservations",
"The Notebook",
"November",
"Novocaine",
"Nowhere in Africa",
"Napoleon Dynamite",
"North Country",
"The Namesake",
"Inside Deep Throat",
"Intolerable Cruelty",
"The Interpreter",
"The Night Listener",
"The International",
"The Number 23",
"Nurse Betty",
"Jimmy Neutron: Boy Genius",
"Nutty Professor II: The Klumps",
"Never Again",
"Finding Neverland",
"Into the Wild",
"The New World",
"Nochnoy dozor",
"New York Minute",
"The Object of my Affection",
"Orange County",
"Ocean's Eleven",
"Ocean's Twelve",
"Ocean's Thirteen",
"Oceans",
"Office Space",
"White Oleander",
"The Omen",
"Any Given Sunday",
"Once",
"Once in a Lifetime: the Extraordinary Story of the New York Cosmos",
"One Hour Photo",
"One True Thing",
"Ong-Bak 2",
"On the Line",
"One Night with the King",
"Opal Dreams",
"Open Season",
"Open Water",
"Open Range",
"The Order",
"Orgazmo",
"Original Sin",
"Osama",
"Oscar and Lucinda",
"Old School",
"Osmosis Jones",
"American Outlaws",
"Oliver Twist",
"Out Cold",
"Outlander",
"Out of Sight",
"Out of Time",
"The Out-of-Towners",
"Owning Mahowny",
"The Pacifier",
"El Laberinto del Fauno",
"The Passion of the Christ",
"Patch Adams",
"Payback",
"Paycheck",
"Max Payne",
"The Princess Diaries 2: Royal Engagement",
"The Princess Diaries",
"The Peacemaker",
"Peter Pan",
"People I Know",
"Perrier's Bounty",
"A Perfect Getaway",
"Phat Girlz",
"Poolhall Junkies",
"The Phantom of the Opera",
"Phone Booth",
"The Pianist",
"The Pink Panther",
"Pirates of the Caribbean: The Curse of the Black Pearl",
"Pirates of the Caribbean: Dead Man's Chest",
"Pirates of the Caribbean: At World's End",
"The Chronicles of Riddick",
"Pitch Black",
"Play it to the Bone",
"Screwed",
"Percy Jackson & the Olympians: The Lightning Thief",
"Paris, je t'aime",
"Princess Kaiulani",
"Lake Placid",
"The Back-up Plan",
"The Pledge",
"Proof of Life",
"Pollock",
"Planet of the Apes",
"Please Give",
"Planet 51",
"The Adventures of Pluto Nash",
"The Players Club",
"Paranormal Activity",
"The Pineapple Express",
"Pinocchio",
"Pandaemonium",
"Pandorum",
"The Punisher",
"Pokemon 2000",
"Pokemon 3: The Movie",
"The Polar Express",
"Along Came Polly",
"Gake no ue no Ponyo",
"Pootie Tang",
"Poseidon",
"Possession",
"Peter Pan: Return to Neverland",
"Practical Magic",
"The Devil Wears Prada",
"The Boat That Rocked",
"Paparazzi",
"Primary Colors",
"Precious (Based on the Novel Push by Sapphire)",
"Pride and Glory",
"Pride and Prejudice",
"The Road to Perdition",
"Predators",
"Prefontaine",
"Perfume: The Story of a Murderer",
"The Prince & Me",
"The Perfect Man",
"The Pursuit of Happyness",
"Primer",
"Pearl Harbor",
"Premonition",
"The Prince of Egypt",
"The Producers: The Movie Musical",
"Prom Night",
"Proof",
"Panic Room",
"The Proposal",
"Prince of Persia: Sands of Time",
"The Prestige",
"The Party's Over",
"The Postman",
"Psycho Beach Party",
"Psycho",
"The Patriot",
"Public Enemies",
"The Powerpuff Girls",
"Pulse",
"Punch-Drunk Love",
"Punisher: War Zone",
"Push",
"Pushing Tin",
"The Painted Veil",
"Pay it Forward",
"Queen of the Damned",
"The Quiet American",
"All the Queen's Men",
"Quarantine",
"The Queen",
"Quest for Camelot",
"The Quiet",
"Quinceanera",
"Rabbit-Proof Fence",
"Radio",
"The Rainmaker",
"Rambo",
"Random Hearts",
"Rugrats in Paris",
"Rugrats Go Wild",
"Ratatouille",
"Ray",
"BloodRayne",
"Rollerball",
"Robin Hood",
"Robots",
"A Room for Romeo Brass",
"Runaway Bride",
"Racing Stripes",
"Rocky Balboa",
"The Road to El Dorado",
"Riding Giants",
"Red Dragon",
"The Reader",
"The Reaping",
"Rebound",
"Recess: School's Out",
"Redacted",
"Red-Eye",
"Reign Over Me",
"The Relic",
"Religulous",
"Remember Me",
"Remember Me, My Love",
"Rent",
"The Replacements",
"The Replacement Killers",
"Resident Evil: Apocalypse",
"Resident Evil: Extinction",
"Resident Evil: Afterlife 3D",
"Resident Evil",
"Return to Me",
"Revolutionary Road",
"Be Kind Rewind",
"Reign of Fire",
"Reindeer Games",
"Rachel Getting Married",
"The Rugrats Movie",
"Riding in Cars with Boys",
"Ride With the Devil",
"The Ring Two",
"Rize",
"The Adventures of Rocky & Bullwinkle",
"All the Real Girls",
"Real Women Have Curves",
"Son of Rambow: A Home Movie",
"Romance and Cigarettes",
"Reno 911!: Miami",
"Rounders",
"Rendition",
"The Rocker",
"Rock Star",
"The Rookie",
"Roll Bounce",
"Romeo Must Die",
"Ronin",
"The Ballad of Jack and Rose",
"Red Planet",
"Requiem for a Dream",
"Rat Race",
"Rescue Dawn",
"The Real Cancun",
"Restless",
"Remember the Titans",
"Righteous Kill",
"Road Trip",
"The Ruins",
"Rules of Engagement",
"The Rundown",
"Running Scared",
"Running With Scissors",
"Rush Hour 2",
"Rush Hour 3",
"Rush Hour",
"Rushmore",
"R.V.",
"Ravenous",
"Raise Your Voice",
"Hotel Rwanda",
"Sahara",
"The Saint",
"The Salon",
"I Am Sam",
"The Salton Sea",
"Sex and the City 2",
"Saved!",
"Saving Silverman",
"Saw",
"Saw II",
"Saw III",
"Saw IV",
"Saw V",
"Saw VI",
"Say It Isn't So",
"Say Uncle",
"The Adventures of Sharkboy and Lavagirl in 3-D",
"Seabiscuit",
"A Scanner Darkly",
"Scary Movie 2",
"Scary Movie 3",
"Scary Movie 4",
"Scooby-Doo 2: Monsters Unleashed",
"Scooby-Doo",
"About Schmidt",
"The School of Rock",
"School for Scoundrels",
"Scoop",
"The Score",
"Scream",
"Scream 2",
"Scream 3",
"The Scorpion King",
"George A. Romero's Survival of the Dead",
"Stardust",
"Mar adentro",
"Selena",
"The Sentinel",
"September Dawn",
"You Got Served",
"Serving Sara",
"Session 9",
"Seven Years in Tibet",
"Sex and the City",
"Swordfish",
"Something's Gotta Give",
"Sugar Town",
"Shade",
"Shadow of the Vampire",
"Shaft",
"The Shaggy Dog",
"Scary Movie",
"Shaun of the Dead",
"Shortbus",
"She's All That",
"She's the Man",
"Sherrybaby",
"Shallow Hal",
"Silent Hill",
"Shutter Island",
"Shakespeare in Love",
"In the Shadow of the Moon",
"Sherlock Holmes",
"She's Out of My League",
"Shooter",
"Shrek",
"Shrek 2",
"Shrek the Third",
"Shrek Forever After",
"Shark Tale",
"Shattered Glass",
"Stealing Harvard",
"Showtime",
"Sicko",
"The Siege",
"Signs",
"Simon Birch",
"A Simple Wish",
"The Simpsons Movie",
"Sinbad: Legend of the Seven Seas",
"Sin City",
"The Singing Detective",
"The Sixth Sense",
"Super Size Me",
"The Skeleton Key",
"The Skulls",
"Sky High",
"Slackers",
"Ready to Rumble",
"Soldier",
"Sleepy Hollow",
"Lucky Number Slevin",
"The Secret Life of Bees",
"Hannibal",
"Southland Tales",
"Slow Burn",
"Sleepover",
"The Bridge of San Luis Rey",
"Slither",
"Slumdog Millionaire",
"Slums of Beverly Hills",
"Small Soldiers",
"Mr. And Mrs. Smith",
"Smokin' Aces",
"Someone Like You",
"Death to Smoochy",
"Simply Irresistible",
"Summer Catch",
"There's Something About Mary",
"Snake Eyes",
"Snakes on a Plane",
"Lemony Snicket's A Series of Unfortunate Events",
"House of Sand and Fog",
"A Sound of Thunder",
"See No Evil",
"The Shipping News",
"Shanghai Knights",
"Shanghai Noon",
"Snow Dogs",
"Snow Falling on Cedars",
"Sunshine",
"Snatch",
"Snow Day",
"Sorority Boys",
"Solaris",
"Solitary Man",
"The Soloist",
"Songcatcher",
"Sonny",
"Standard Operating Procedure",
"The Sorcerer's Apprentice",
"Soul Food",
"Soul Plane",
"South Park: Bigger, Longer & Uncut",
"Space Jam",
"Spanglish",
"Spawn",
"Superbad",
"SpongeBob SquarePants",
"Space Chimps",
"Space Cowboys",
"Spider",
"Speed Racer",
"The Spiderwick Chronicles",
"Speedway Junky",
"Speed II: Cruise Control",
"Sphere",
"Spiceworld",
"Spider-Man 2",
"Spider-Man 3",
"Spider-Man",
"Scott Pilgrim vs. The World",
"See Spot Run",
"Superman Returns",
"Supernova",
"Spirited Away",
"Spun",
"Spy Game",
"Spy Kids 2: The Island of Lost Dreams",
"Spy Kids 3-D: Game Over",
"Spy Kids",
"The Square",
"The Squid and the Whale",
"Serendipity",
"Saint Ralph",
"Shaolin Soccer",
"Superstar",
"Soul Survivors",
"Spirit: Stallion of the Cimarron",
"Star Wars Ep. II: Attack of the Clones",
"Star Wars Ep. III: Revenge of the Sith",
"Starship Troopers",
"The Station Agent",
"Stay Alive",
"Small Time Crooks",
"Steel",
"How Stella Got Her Groove Back",
"The Stepford Wives",
"Stepmom",
"Stomp the Yard",
"Stranger Than Fiction",
"The Legend of Suriyothai",
"Stick It",
"Stigmata",
"A Stir of Echoes",
"Street Kings",
"Stuart Little",
"Stuart Little 2",
"Stealth",
"Steamboy",
"The Statement",
"Stolen Summer",
"Stop-Loss",
"The Perfect Storm",
"The Story of Us",
"The Stepfather",
"State of Play",
"The Sisterhood of the Traveling Pants 2",
"Sisterhood of the Traveling Pants",
"Step Up",
"The Straight Story",
"Star Trek: First Contact",
"Star Trek: Insurrection",
"Star Trek: Nemesis",
"Alex Rider: Operation Stormbreaker",
"The Strangers",
"Super Troopers",
"Strangers with Candy",
"Star Wars Ep. I: The Phantom Menace",
"Stuck On You",
"Step Up 2 the Streets",
"The Sum of All Fears",
"Sunshine State",
"Supercross",
"Surf's Up",
"Surrogates",
"Summer of Sam",
"Savage Grace",
"Saving Private Ryan",
"S.W.A.T.",
"Sideways",
"Shall We Dance?",
"Secret Window",
"Swept Away",
"Swimming Pool",
"The Sidewalks of New York",
"Swimfan",
"Sweet November",
"Sydney White",
"Switchback",
"Star Wars: The Clone Wars",
"The Sweetest Thing",
"Six Days, Seven Nights",
"Sex Drive",
"Sexy Beast",
"Chinjeolhan geumjassi",
"Synecdoche, New York",
"Syriana",
"Suspect Zero",
"Tadpole",
"Tailor of Panama",
"Taken",
"Take the Lead",
"Talladega Nights: The Ballad of Ricky Bobby",
"The Talented Mr. Ripley",
"Tarnation",
"Taxman",
"Thunderbirds",
"The Best Man",
"Book of Shadows: Blair Witch 2",
"The Cave",
"This Christmas",
"The Core",
"The Thomas Crown Affair",
"The Damned United",
"The Tale of Despereaux",
"Team America: World Police",
"Tea with Mussolini",
"Tears of the Sun",
"The Big Tease",
"Not Another Teen Movie",
"Teeth",
"Bridge to Terabithia",
"Terminator 3: Rise of the Machines",
"Terminator Salvation: The Future Begins",
"Transformers",
"Transformers: Revenge of the Fallen",
"The Goods: Live Hard, Sell Hard",
"The Greatest Game Ever Played",
"The Ghost Writer",
"Joheunnom nabbeunnom isanghannom",
"The Beach",
"The Box",
"The Wild Thornberrys",
"Bug",
"They",
"The Eye",
"The Fog",
"The Thin Red Line",
"Thirteen Days",
"The Kid",
"The Man",
"House on Haunted Hill",
"The One",
"Gwoemul",
"Thr3e",
"Three to Tango",
"The Thirteenth Floor",
"The 13th Warrior",
"The Tuxedo",
"The Tigger Movie",
"Timeline",
"The Adventures of Tintin: Secret of the Unicorn",
"Thirteen",
"Titan A.E.",
"Titanic",
"The Kids Are All Right",
"The League of Extraordinary Gentlemen",
"The Time Machine",
"Tomcats",
"The Mist",
"TMNT",
"Tomorrow Never Dies",
"The Royal Tenenbaums",
"Lara Croft: Tomb Raider: The Cradle of Life",
"Lara Croft: Tomb Raider",
"The Day After Tomorrow",
"Topsy Turvy",
"Torque",
"The Others",
"The Town",
"Toy Story 2",
"Toy Story 3",
"The Taking of Pelham 123",
"Treasure Planet",
"Traffic",
"Thomas and the Magic Railroad",
"Training Day",
"Traitor",
"Trapped",
"The Ring",
"Trippin'",
"Star Trek",
"The Terminal",
"Transamerica",
"The Transporter 2",
"The Transporter",
"The Road",
"Tropic Thunder",
"Troy",
"xXx",
"Ta Ra Rum Pum",
"The Truman Show",
"Trust the Man",
"Where the Truth Lies",
"Tarzan",
"The Secret in Their Eyes",
"Tsotsi",
"Teacher's Pet: The Movie",
"The Time Traveler's Wife",
"The Touch",
"Tuck Everlasting",
"Thumbsucker",
"Turbulence",
"Turistas",
"The Wash",
"Two Girls and a Guy",
"The Wild",
"Twilight",
"Twisted",
"The Twilight Saga: New Moon",
"The Twilight Saga: Eclipse",
"Twilight",
"Town & Country",
"200 Cigarettes",
"The Texas Chainsaw Massacre: The Beginning",
"The Texas Chainsaw Massacre",
"Texas Rangers",
"Tom yum goong",
"Thank You For Smoking",
"U2 3D",
"U-571",
"Undercover Brother",
"Underclassman",
"Dodgeball: A True Underdog Story",
"The Ugly Truth",
"Ultraviolet",
"Unaccompanied Minors",
"Unbreakable",
"The Unborn",
"Undead",
"Underworld",
"Undiscovered",
"Undisputed",
"Underworld: Evolution",
"An Unfinished Life",
"Unfaithful",
"Universal Soldier II: The Return",
"Unknown",
"Danny the Dog",
"Untraceable",
"Up",
"Up in the Air",
"The Upside of Anger",
"Urban Legend",
"Urban Legends: Final Cut",
"Urbania",
"Valkyrie",
"Valiant",
"Valentine",
"Cirque du Freak: The Vampire's Assistant",
"The Legend of Bagger Vance",
"Raising Victor Vargas",
"In the Valley of Elah",
"Venom",
"Venus",
"Vanity Fair",
"V for Vendetta",
"The Velocity of Gary",
"Van Helsing",
"The Village",
"The Virgin Suicides",
"Virus",
"The Visitor",
"A Very Long Engagement",
"Vertical Limit",
"Vampires",
"Vanilla Sky",
"Volcano",
"Volver",
"Kurtlar vadisi - Irak",
"The Flintstones in Viva Rock Vegas",
"Varsity Blues",
"Valentine's Day",
"National Lampoon's Van Wilder",
"The Wackness",
"Wag the Dog",
"Wah-Wah",
"Waiting...",
"Waking Ned Devine",
"WALL-E",
"War",
"War, Inc.",
"Red Cliff",
"The War of the Worlds",
"Watchmen",
"Water",
"Waitress",
"The Wendell Baker Story",
"Winter's Bone",
"Wonder Boys",
"Waltz with Bashir",
"White Chicks",
"Wolf Creek",
"The Wedding Planner",
"Wonderland",
"Taking Woodstock",
"The Widow of St. Pierre",
"The Wedding Crashers",
"The Wedding Date",
"Tumbleweeds",
"We Own the Night",
"We Were Soldiers",
"The World's Fastest Indian",
"Les herbes folles",
"What a Girl Wants",
"Whale Rider",
"Walk Hard: The Dewey Cox Story",
"Where the Heart Is",
"Whipped",
"Whip It",
"Welcome Home Roscoe Jenkins",
"When a Stranger Calls",
"What Dreams May Come",
"The White Countess",
"Wicker Park",
"Where the Wild Things Are",
"Wild Things",
"Wimbledon",
"Windtalkers",
"Because of Winn-Dixie",
"Wing Commander",
"Without Limits",
"What Just Happened",
"What Lies Beneath",
"Walk the Line",
"A Walk to Remember",
"Willard",
"Wild Wild West",
"White Noise 2: The Light",
"White Noise",
"Wanted",
"Woman on Top",
"The Wolf Man",
"X-Men Origins: Wolverine",
"The Women",
"Woo",
"The Wood",
"Without a Paddle",
"What's the Worst That Could Happen?",
"Winter Passing",
"What Planet Are You From?",
"Wordplay",
"The Wrestler",
"Walking Tall",
"World Trade Center",
"The Watcher",
"The Weather Man",
"Sky Captain and the World of Tomorrow",
"Whiteout",
"The Waterboy",
"Wrong Turn",
"What Women Want",
"The Way of the Gun",
"The X-Files: I Want to Believe",
"The X Files: Fight the Future",
"Extraordinary Measures",
"X-Men",
"X2",
"X-Men: The Last Stand",
"The Exploding Girl",
"The Expendables",
"XXX: State of the Union",
"The Yards",
"The Divine Secrets of the Ya-Ya Sisterhood",
"You Can Count on Me",
"Year One",
"Yes",
"Yes Man",
"You Kill Me",
"Yours, Mine and Ours",
"You've Got Mail",
"Youth in Revolt",
"Y Tu Mama Tambien (And Your Mother Too)",
"Yu-Gi-Oh",
"The Young Unknowns",
"The Young Victoria",
"Zathura",
"Zero Effect",
"Zoolander",
"Zombieland",
"Zack and Miri Make a Porno",
"Zodiac",
"Zoom",
"The Legend of Zorro",
"The Mask of Zorro"
